device,ratio,ratio_ma
sp,0.005958333333333334,0.30745
sp-paired,0.004919642857142858,0.25385357142857146
sw,0.00996577380952381,0.05780148809523809
